GeneID	Classification	Specific tissues	Tau
F8388_000017	Expressed-In-All		0.602356807256919
F8388_000035	Expressed-In-All		0.88388579376894
F8388_000047	Low_expressed		
F8388_000155	Low_expressed		
F8388_000187	Low_expressed		
F8388_000201	Low_expressed		
F8388_000591	Tissue-Specific	Trichome	0.999509130853847
F8388_000592	Tissue-Specific	Trichome	0.999488660351245
F8388_000595	Tissue-Specific	Trichome	0.998396001296631
F8388_000798	Group-Enriched	Hypocotyl; Root	0.953458287031652
F8388_000800	Group-Enriched	Hypocotyl; Root	0.862784460756454
F8388_000879	Low_expressed		
F8388_000949	Low_expressed		
F8388_000953	Tissue-Specific	Root	0.960537241703979
F8388_000961	Mixed		0.887729255408076
F8388_000990	Tissue-Specific	Root	0.997597612351894
F8388_001108	Expressed-In-All		0.303920356910235
F8388_001109	Tissue-Specific	Root	0.983872652521565
F8388_001111	Expressed-In-All		0.665708094579738
F8388_001228	Tissue-Specific	Induced_male_flower	0.892707663570222
F8388_001281	Low_expressed		
F8388_001282	Low_expressed		
F8388_001297	Tissue-Specific	Hypocotyl	0.933795280568266
F8388_001332	Group-Enriched	Seed; Leaf	0.893628187099243
F8388_001376	Low_expressed		
F8388_001470	Expressed-In-All		0.842029219543376
F8388_001604	Low_expressed		
F8388_001605	Low_expressed		
F8388_001658	Mixed		0.871603898971575
F8388_001769	Tissue-Specific	Root	0.922228794825144
F8388_001905	Tissue-Specific	Root	0.912380794399092
F8388_001906	Low_expressed		
F8388_001907	Tissue-Specific	Root	0.985638023380034
F8388_002090	Housekeeping		0.325900291912549
F8388_002117	Group-Enriched	Root; Hypocotyl	0.96865374612541
F8388_002133	Tissue-Specific	Hypocotyl	0.985707571878152
F8388_002247	Group-Enriched	Hypocotyl; Root	0.942704894084584
F8388_002262	Tissue-Specific	Trichome	0.993716409380049
F8388_002264	Expressed-In-All		0.495296571795291
F8388_002265	Mixed		0.747671005788912
F8388_002266	Mixed		0.760599148595281
F8388_002316	Tissue-Specific	Root	0.90385619878833
F8388_002319	Mixed		0.83689580432472
F8388_002321	Tissue-Specific	Root	0.958376371401102
F8388_002322	Group-Enriched	Induced_male_flower; Bast_Fibre	0.848813135323364
F8388_002324	Tissue-Specific	Root	1
F8388_002389	Mixed		0.804759249910013
F8388_002422	Expressed-In-All		0.877761894170618
F8388_002427	Tissue-Specific	Stem	0.965901260321191
F8388_002584	Mixed		0.862680593676766
F8388_002816	Low_expressed		
F8388_002878	Expressed-In-All		0.425591814312614
F8388_002897	Mixed		0.549444289392154
F8388_003028	Expressed-In-All		0.621654372622771
F8388_003029	Mixed		0.683373593061755
F8388_003032	Low_expressed		
F8388_003076	Mixed		0.854976861219028
F8388_003093	Tissue-Specific	Root	0.994731058823004
F8388_003095	Tissue-Specific	Root	0.998511680321988
F8388_003098	Low_expressed		
F8388_003109	Expressed-In-All		0.350445897121883
F8388_003595	Expressed-In-All		0.789634611384316
F8388_003772	Mixed		0.690892792698104
F8388_003810	Mixed		0.615283481233866
F8388_003811	Mixed		0.749275812030663
F8388_003855	Tissue-Specific	Induced_male_flower	0.994120430049409
F8388_003895	Expressed-In-All		0.687560495371878
F8388_003903	Tissue-Specific	Root	0.929807260898119
F8388_003906	Expressed-In-All		0.670039292125415
F8388_003973	Expressed-In-All		0.624540164427105
F8388_003981	Mixed		0.76864497489101
F8388_004217	Low_expressed		
F8388_004218	Low_expressed		
F8388_004219	Mixed		0.817445492393174
F8388_004220	Low_expressed		
F8388_004224	Mixed		0.799176954065368
F8388_004280	Low_expressed		
F8388_004286	Low_expressed		
F8388_004847	Low_expressed		
F8388_005008	Tissue-Specific	Root	0.995300486732954
F8388_005038	Mixed		0.848801434321414
F8388_005039	Expressed-In-All		0.561641711999496
F8388_005040	Expressed-In-All		0.838519855309465
F8388_005042	Expressed-In-All		0.481855499009673
F8388_005057	Tissue-Specific	Root	0.898384336046597
F8388_005058	Mixed		0.764683641258555
F8388_005201	Expressed-In-All		0.322121653406235
F8388_005332	Mixed		0.818899241295186
F8388_005362	Mixed		0.838330207334204
F8388_005366	Mixed		0.884056548859948
F8388_005433	Mixed		0.794786365285464
F8388_005510	Tissue-Specific	Seed	0.921345438027645
F8388_005697	Mixed		0.868846967783265
F8388_006076	Expressed-In-All		0.29424049554543
F8388_006114	Mixed		0.836961336863013
F8388_006116	Tissue-Specific	Root	0.986113979357154
F8388_006118	Tissue-Specific	Hypocotyl	0.935503806107932
F8388_006122	Tissue-Specific	Seed	0.925126130026811
F8388_006123	Group-Enriched	Hypocotyl; Root	0.915140897852231
F8388_006126	Tissue-Specific	Hypocotyl	0.961574932572152
F8388_006128	Mixed		0.855554415475802
F8388_006141	Tissue-Specific	Trichome	0.986758593820494
F8388_006185	Tissue-Specific	Seed	0.998120801750003
F8388_006236	Expressed-In-All		0.625978075236712
F8388_006246	Tissue-Specific	Trichome	0.922429934980744
F8388_006247	Mixed		0.816374130142264
F8388_006249	Mixed		0.867271828359024
F8388_006278	Tissue-Specific	Root	0.90401056152664
F8388_006422	Mixed		0.816365717265327
F8388_006454	Mixed		0.739515103114092
F8388_006509	Expressed-In-All		0.442873900382884
F8388_006511	Mixed		0.596110568859162
F8388_006646	Expressed-In-All		0.769396008911453
F8388_006650	Mixed		0.88883245601896
F8388_006783	Expressed-In-All		0.710076974680804
F8388_006784	Expressed-In-All		0.748447974749031
F8388_006854	Expressed-In-All		0.355901616780354
F8388_007068	Group-Enriched	Root; Seed	0.958260115087856
F8388_007069	Expressed-In-All		0.496891422435256
F8388_007071	Expressed-In-All		0.54394518311792
F8388_007072	Expressed-In-All		0.554718020590274
F8388_007073	Tissue-Specific	Root	0.97171524712494
F8388_007116	Mixed		0.828389153657059
F8388_007198	Mixed		0.855083328259902
F8388_007200	Tissue-Specific	Root	0.963519964352448
F8388_007201	Tissue-Specific	Hypocotyl	0.969216968987723
F8388_007411	Tissue-Specific	Root	0.971773115853269
F8388_007414	Mixed		0.852270745089086
F8388_007427	Group-Enriched	Root; Hypocotyl	0.935443037027139
F8388_007444	Expressed-In-All		0.495241696140673
F8388_007646	Mixed		0.666690628643133
F8388_007722	Expressed-In-All		0.799201299632735
F8388_007752	Mixed		0.822531234626098
F8388_007788	Tissue-Specific	Root	0.95442696530217
F8388_007796	Tissue-Specific	Trichome	0.983828970900286
F8388_007797	Expressed-In-All		0.84667945343973
F8388_007798	Expressed-In-All		0.50794593175997
F8388_007800	Mixed		0.808220270629938
F8388_007801	Mixed		0.645623472996445
F8388_007924	Expressed-In-All		0.592553190712655
F8388_007937	Mixed		0.871319083154014
F8388_007962	Low_expressed		
F8388_007963	Tissue-Specific	Bast_Fibre	0.965330347489174
F8388_007964	Low_expressed		
F8388_007965	Mixed		0.632236545002065
F8388_007968	Tissue-Specific	Root	0.999880329261764
F8388_007969	Group-Enriched	Root; Seed	0.960633017943561
F8388_007970	Expressed-In-All		0.824434511062549
F8388_007999	Group-Enriched	Hypocotyl; Root	0.906302558488402
F8388_008104	Tissue-Specific	Trichome	0.983594504385914
F8388_008149	Expressed-In-All		0.481105455434748
F8388_008299	Low_expressed		
F8388_008305	Group-Enriched	Flower_male; Induced_male_flower	0.878492246905157
F8388_008513	Mixed		0.714309015485177
F8388_008549	Mixed		0.864702175954762
F8388_008580	Expressed-In-All		0.597621093900633
F8388_009033	Expressed-In-All		0.435422042884978
F8388_009043	Mixed		0.725536086180254
F8388_009047	Tissue-Specific	Root	0.970792943275434
F8388_009068	Mixed		0.838562098135101
F8388_009151	Expressed-In-All		0.599876759086447
F8388_009152	Mixed		0.633186126545799
F8388_009158	Mixed		0.792545923583681
F8388_009162	Expressed-In-All		0.653657831511998
F8388_009164	Tissue-Specific	Root	0.989160011420782
F8388_009285	Group-Enriched	Root; Hypocotyl	0.87026828307827
F8388_009398	Mixed		0.619332794532523
F8388_009597	Expressed-In-All		0.360569873894601
F8388_009738	Tissue-Specific	Root	0.994581284173202
F8388_009740	Expressed-In-All		0.783100318256174
F8388_009773	Low_expressed		
F8388_009950	Tissue-Specific	Trichome	0.899010202656606
F8388_009974	Low_expressed		
F8388_009979	Tissue-Specific	Trichome	0.998490973365266
F8388_009980	Low_expressed		
F8388_010046	Expressed-In-All		0.273854660510049
F8388_010141	Expressed-In-All		0.706191121973228
F8388_010146	Mixed		0.566343636080154
F8388_010147	Group-Enriched	Root; Flower_female	0.930737683225983
F8388_010150	Mixed		0.803104101054525
F8388_010152	Low_expressed		
F8388_010283	Tissue-Specific	Root	0.989137595199445
F8388_010298	Low_expressed		
F8388_010437	Mixed		0.808406440505602
F8388_010440	Mixed		0.728929063812207
F8388_010441	Mixed		0.866625720415861
F8388_010681	Low_expressed		
F8388_010721	Low_expressed		
F8388_010772	Tissue-Specific	Trichome	0.991127088507003
F8388_010865	Mixed		0.801244803347228
F8388_010870	Low_expressed		
F8388_010872	Tissue-Specific	Bast_Fibre	0.890587013020516
F8388_010873	Tissue-Specific	Seed	0.922988631031719
F8388_010875	Mixed		0.862367848408461
F8388_010876	Mixed		0.816593554660565
F8388_011105	Tissue-Specific	Seed	0.998364625096006
F8388_011152	Tissue-Specific	Seed	0.996740001258912
F8388_011156	Expressed-In-All		0.65743092969863
F8388_011574	Mixed		0.868486770184553
F8388_011593	Low_expressed		
F8388_011644	Mixed		0.760150238248834
F8388_011645	Mixed		0.669865420830354
F8388_011646	Mixed		0.723660272597699
F8388_011727	Expressed-In-All		0.853737222330043
F8388_011748	Tissue-Specific	Leaf	0.979798762617468
F8388_011845	Group-Enriched	Root; Seed	0.92486704404448
F8388_011864	Expressed-In-All		0.598198427937137
F8388_012056	Tissue-Specific	Root	0.984002341828956
F8388_012281	Expressed-In-All		0.500116367620972
F8388_012405	Mixed		0.887858574275911
F8388_012463	Expressed-In-All		0.560675351516358
F8388_012477	Expressed-In-All		0.557328167197934
F8388_012501	Mixed		0.793481301812634
F8388_012613	Tissue-Specific	Root	0.984822407487527
F8388_012797	Mixed		0.844014304929324
F8388_012854	Expressed-In-All		0.60384413818704
F8388_013189	Low_expressed		
F8388_013219	Low_expressed		
F8388_013229	Low_expressed		
F8388_013236	Expressed-In-All		0.739276371749002
F8388_013237	Low_expressed		
F8388_013238	Expressed-In-All		0.701556080021562
F8388_013813	Tissue-Specific	Root	0.989700835834491
F8388_013900	Expressed-In-All		0.427298398785201
F8388_013902	Expressed-In-All		0.878212104212135
F8388_013955	Mixed		0.764899497143713
F8388_013957	Mixed		0.815235631652032
F8388_013987	Expressed-In-All		0.621462233043009
F8388_014108	Mixed		0.784633781128075
F8388_014432	Mixed		0.759147968558514
F8388_014525	Low_expressed		
F8388_014639	Expressed-In-All		0.815314643181612
F8388_014644	Low_expressed		
F8388_014732	Mixed		0.772048734707711
F8388_014736	Tissue-Specific	Root	0.984900697037054
F8388_014766	Expressed-In-All		0.422338062486291
F8388_014789	Expressed-In-All		0.730308345608771
F8388_014799	Tissue-Specific	Root	0.98693139299822
F8388_014802	Tissue-Specific	Root	0.945881468445256
F8388_014805	Mixed		0.832675483484403
F8388_014806	Mixed		0.827406134330978
F8388_014809	Expressed-In-All		0.805884238426516
F8388_014810	Mixed		0.729924787970177
F8388_014811	Low_expressed		
F8388_014812	Tissue-Specific	Root	0.994919210482084
F8388_014813	Tissue-Specific	Root	0.968687942063104
F8388_014814	Low_expressed		
F8388_014834	Mixed		0.805907801777648
F8388_014932	Expressed-In-All		0.712505043450801
F8388_015005	Tissue-Specific	Hypocotyl	0.949747838649045
F8388_015006	Mixed		0.810027792711416
F8388_015062	Mixed		0.83254098857705
F8388_015220	Expressed-In-All		0.910188473668981
F8388_015247	Tissue-Specific	Trichome	0.997638634782263
F8388_015329	Mixed		0.650422496846792
F8388_015330	Expressed-In-All		0.571163254309602
F8388_015344	Tissue-Specific	Root	0.931939064514312
F8388_015513	Expressed-In-All		0.796904056117295
F8388_015784	Group-Enriched	Seed; Root	0.961000616537581
F8388_015786	Mixed		0.551449241551474
F8388_015787	Group-Enriched	Flower_female; Induced_male_flower	0.905724698171168
F8388_015788	Expressed-In-All		0.712270617539749
F8388_015842	Expressed-In-All		0.697128953201685
F8388_015843	Expressed-In-All		0.786911066253909
F8388_015844	Expressed-In-All		0.737961565193396
F8388_015846	Low_expressed		
F8388_015850	Expressed-In-All		0.764065527562869
F8388_015851	Mixed		0.594071656714029
F8388_015925	Mixed		0.782181641943381
F8388_015927	Expressed-In-All		0.513015959584496
F8388_015990	Mixed		0.658567485449106
F8388_016023	Expressed-In-All		0.737805422631206
F8388_016149	Mixed		0.878376856705808
F8388_016244	Group-Enriched	Root; Hypocotyl	0.962258200067568
F8388_016351	Expressed-In-All		0.743975821827297
F8388_016408	Tissue-Specific	Trichome	0.911440752103941
F8388_016622	Tissue-Specific	Hypocotyl	0.978467741322772
F8388_016627	Low_expressed		
F8388_016912	Expressed-In-All		0.767001816844423
F8388_016953	Group-Enriched	Trichome; Root	0.840843911039862
F8388_017041	Tissue-Specific	Root	0.979072111286624
F8388_017042	Tissue-Specific	Root	0.987603527397957
F8388_017395	Expressed-In-All		0.482750115362426
F8388_017400	Tissue-Specific	Trichome	0.986564540206001
F8388_017461	Tissue-Specific	Seed	0.998516321769951
F8388_017498	Expressed-In-All		0.507657735578219
F8388_017501	Expressed-In-All		0.342157658556021
F8388_017511	Tissue-Specific	Root	0.980267062288325
F8388_017512	Tissue-Specific	Root	0.988862686871455
F8388_017520	Low_expressed		
F8388_017589	Low_expressed		
F8388_017613	Mixed		0.790516603738107
F8388_017614	Expressed-In-All		0.812107517513961
F8388_017615	Tissue-Specific	Trichome	0.997419791166637
F8388_017643	Mixed		0.849999531221331
F8388_017765	Low_expressed		
F8388_017766	Low_expressed		
F8388_018061	Expressed-In-All		0.164266465976115
F8388_018172	Mixed		0.784973577445116
F8388_018177	Expressed-In-All		0.512286093470633
F8388_018392	Low_expressed		
F8388_018646	Mixed		0.866114190633086
F8388_019068	Low_expressed		
F8388_019208	Tissue-Specific	Bast_Fibre	0.971375543296054
F8388_019340	Expressed-In-All		0.368144193188798
F8388_019419	Mixed		0.723432629581298
F8388_019551	Low_expressed		
F8388_019620	Mixed		0.665265657913109
F8388_019722	Mixed		0.747069061231327
F8388_019864	Tissue-Specific	Root	1
F8388_019928	Group-Enriched	Induced_male_flower; Flower_male	0.940962022855587
F8388_020069	Mixed		0.728423654134316
F8388_020071	Mixed		0.636979050660811
F8388_020072	Mixed		0.7806662749812
F8388_020074	Mixed		0.755687513903989
F8388_020167	Tissue-Specific	Seed	0.98492038178278
F8388_020168	Low_expressed		
F8388_020367	Expressed-In-All		0.260319368105613
F8388_020437	Mixed		0.749078205151354
F8388_020489	Low_expressed		
F8388_020643	Tissue-Specific	Trichome	0.957973609132681
F8388_020789	Low_expressed		
F8388_020899	Tissue-Specific	Leaf	0.890485016687516
F8388_020901	Expressed-In-All		0.43581585439411
F8388_020932	Expressed-In-All		0.527332597827236
F8388_021146	Expressed-In-All		0.452851793307473
F8388_021219	Low_expressed		
F8388_021265	Expressed-In-All		0.799355647999554
F8388_021266	Expressed-In-All		0.681811602705396
F8388_021268	Expressed-In-All		0.606773578533333
F8388_021269	Expressed-In-All		0.589857861146988
F8388_021275	Expressed-In-All		0.695039448041201
F8388_021290	Mixed		0.707799816050655
F8388_021298	Mixed		0.683296309503242
F8388_021299	Group-Enriched	Bast_Fibre; Stem	0.843991726851545
F8388_021300	Mixed		0.850928007399549
F8388_021302	Tissue-Specific	Root	0.995920092777646
F8388_021334	Low_expressed		
F8388_021529	Expressed-In-All		0.65945910686564
F8388_021617	Mixed		0.834564337412766
F8388_021975	Expressed-In-All		0.463809691308697
F8388_021998	Tissue-Specific	Root	0.988085762707564
F8388_021999	Expressed-In-All		0.703766541959031
F8388_022263	Mixed		0.789588902364181
F8388_022267	Low_expressed		
F8388_022289	Low_expressed		
F8388_022290	Low_expressed		
F8388_022291	Low_expressed		
F8388_022889	Expressed-In-All		0.426032107189754
F8388_022900	Expressed-In-All		0.444380049185603
F8388_023025	Tissue-Specific	Seed	0.984842547580329
F8388_023144	Mixed		0.87516638964701
F8388_023253	Low_expressed		
F8388_023311	Group-Enriched	Root; Trichome	0.965839550860822
F8388_023450	Low_expressed		
F8388_023451	Expressed-In-All		0.448280361681295
F8388_023671	Expressed-In-All		0.628046173980693
F8388_023847	Group-Enriched	Root; Trichome	0.921932569627584
F8388_024149	Expressed-In-All		0.738627118803233
F8388_024253	Mixed		0.672078881916909
F8388_024257	Expressed-In-All		0.432727327746393
F8388_024349	Low_expressed		
F8388_024441	Expressed-In-All		0.562490540125687
F8388_024525	Low_expressed		
F8388_024536	Tissue-Specific	Flower_male	0.979352465054657
F8388_024538	Mixed		0.7735376109477
F8388_024580	Mixed		0.765338485178879
F8388_024625	Expressed-In-All		0.857118960094606
F8388_024740	Low_expressed		
F8388_024747	Expressed-In-All		0.616865937024025
F8388_024786	Tissue-Specific	Root	0.907216146474741
F8388_024849	Tissue-Specific	Root	0.928275759908018
F8388_024853	Mixed		0.756269933908848
F8388_025130	Low_expressed		
F8388_025138	Expressed-In-All		0.5792226281857
F8388_025155	Expressed-In-All		0.893225064163198
F8388_025178	Expressed-In-All		0.757977458516236
F8388_025233	Tissue-Specific	Root	0.995482436270828
F8388_025279	Low_expressed		
F8388_025280	Mixed		0.56267218028151
F8388_025282	Expressed-In-All		0.803085028605088
F8388_025283	Tissue-Specific	Root	0.917054308876379
F8388_025388	Low_expressed		
F8388_025390	Tissue-Specific	Induced_male_flower	0.987534499645416
F8388_025421	Mixed		0.841444831602174
F8388_025422	Tissue-Specific	Trichome	0.929872827996014
F8388_025424	Mixed		0.855962909127175
F8388_025437	Expressed-In-All		0.264046159819935
F8388_025548	Low_expressed		
F8388_025549	Tissue-Specific	Trichome	0.999256205849528
F8388_025590	Expressed-In-All		0.360128010507944
F8388_025616	Tissue-Specific	Root	0.960428032120518
F8388_025697	Low_expressed		
F8388_025698	Low_expressed		
F8388_025700	Expressed-In-All		0.612388991205208
F8388_025727	Tissue-Specific	Root	0.999236789229274
F8388_025730	Low_expressed		
F8388_025732	Group-Enriched	Seed; Root	0.965625128079299
F8388_025733	Tissue-Specific	Seed	1
F8388_025791	Mixed		0.83998485723373
F8388_025797	Group-Enriched	Leaf; Flower_female	0.949227971392212
F8388_025816	Expressed-In-All		0.393859414926474
F8388_025848	Group-Enriched	Hypocotyl; Bast_Fibre	0.892323328420376
F8388_025935	Mixed		0.792090753960184
F8388_025945	Expressed-In-All		0.722146599385195
F8388_026056	Tissue-Specific	Hypocotyl	0.913664255167908
F8388_026074	Mixed		0.783582353845699
F8388_026277	Tissue-Specific	Bast_Fibre	0.919202156046307
F8388_026302	Expressed-In-All		0.507859240629491
F8388_026370	Mixed		0.589904690828827
F8388_026372	Mixed		0.807228809555108
F8388_026410	Expressed-In-All		0.762628092474103
F8388_026411	Mixed		0.817644480033616
F8388_026415	Mixed		0.817902588967097
F8388_026418	Mixed		0.79081100258479
F8388_026604	Expressed-In-All		0.634062392168383
F8388_026731	Low_expressed		
F8388_027180	Tissue-Specific	Trichome	0.991478742243096
F8388_027183	Mixed		0.793967629057769
F8388_027185	Mixed		0.881791553276599
F8388_027211	Tissue-Specific	Root	0.986240333816503
F8388_027212	Expressed-In-All		0.758015272038975
F8388_027213	Expressed-In-All		0.798689945091339
